Title,Summary,Published_At,Text_Content
"Benign Prostatic Hyperplasia: Rapid Evidence Review.","Lower urinary tract symptoms from benign prostatic hyperplasia affect 25% of U.S. men, nearly one-half of whom have at least moderate symptoms. Sedentary lifestyle, hypertension, and diabetes mellitus increase risk of symptoms. Evaluation is focused on determining severity of symptoms and therapy to improve symptoms. Rectal examination has limited accuracy in evaluating prostate size. Transrectal ultrasonography is preferred to verify size when starting 5-alpha reductase therapy or considering surgery. Serum prostate-specific antigen testing is not recommended in routine evaluation of lower urinary tract symptoms, and shared decision-making should be used for cancer screening decisions. The International Prostate Symptom Score is the best way to track symptoms. Self-management methods, including limiting evening fluid intake, reducing caffeine and alcohol intake, toilet and bladder training, pelvic floor exercises, and mindfulness techniques, can improve symptoms. Although saw palmetto is not effective, the herbal treatments Pygeum africanum and beta-sitosterol may be effective. Primary medical treatment involves alpha blockers or phosphodiesterase-5 inhibitors. Alpha blockers offer rapid benefit and can be used for acute urinary retention. Combining alpha blockers and phosphodiesterase-5 inhibitors is not beneficial. For uncontrolled symptoms, 5-alpha reductase inhibitors should be started if the prostate volume is 30 mL or greater by ultrasonography. 5-Alpha reductase inhibitors take up to one year to be fully beneficial and are more effective when taken with alpha blockers. Only 1% of patients with lower urinary tract symptoms require surgery. Although transurethral resection of the prostate improves symptoms, many less invasive options with varying effectiveness can be considered.","2023 Jun","Benign Prostatic Hyperplasia: Rapid Evidence Review. Lower urinary tract symptoms from benign prostatic hyperplasia affect 25% of U.S. men, nearly one-half of whom have at least moderate symptoms. Sedentary lifestyle, hypertension, and diabetes mellitus increase risk of symptoms. Evaluation is focused on determining severity of symptoms and therapy to improve symptoms. Rectal examination has limited accuracy in evaluating prostate size. Transrectal ultrasonography is preferred to verify size when starting 5-alpha reductase therapy or considering surgery. Serum prostate-specific antigen testing is not recommended in routine evaluation of lower urinary tract symptoms, and shared decision-making should be used for cancer screening decisions. The International Prostate Symptom Score is the best way to track symptoms. Self-management methods, including limiting evening fluid intake, reducing caffeine and alcohol intake, toilet and bladder training, pelvic floor exercises, and mindfulness techniques, can improve symptoms. Although saw palmetto is not effective, the herbal treatments Pygeum africanum and beta-sitosterol may be effective. Primary medical treatment involves alpha blockers or phosphodiesterase-5 inhibitors. Alpha blockers offer rapid benefit and can be used for acute urinary retention. Combining alpha blockers and phosphodiesterase-5 inhibitors is not beneficial. For uncontrolled symptoms, 5-alpha reductase inhibitors should be started if the prostate volume is 30 mL or greater by ultrasonography. 5-Alpha reductase inhibitors take up to one year to be fully beneficial and are more effective when taken with alpha blockers. Only 1% of patients with lower urinary tract symptoms require surgery. Although transurethral resection of the prostate improves symptoms, many less invasive options with varying effectiveness can be considered."
"Pathophysiology of refractory overactive bladder.","Overactive bladder (OAB) is a common condition. The International Continence Society defines OAB as a symptom complex characterized by urgency with or without urge incontinence, usually with frequency and nocturia. The first-line treatment for OAB includes behavioral therapy, such as caffeine reduction, fluid intake modification, weight reduction, bladder training, and pelvic floor muscle training, as well as treatment with antimuscarinic or &#x3b2; 3 -adrenoceptor agonist medications. However, less than half of all cases achieve satisfactory outcomes following first-line treatment. Second-line therapy considered if satisfactory responses are not achieved after 8 to 12&#x2009;weeks treatment with first-line therapy include intradetrusor botulinum toxin injection, neuromodulation, and surgical treatment. Patients with refractory OAB may have more severe symptoms or underlying pathophysiologies that were not resolved by the initial medication. The pathophysiologies of refractory OAB include occult neurogenic bladder, undetected bladder outlet obstruction, urethral-related OAB, urothelial dysfunction with aging, chronic bladder ischemia, chronic bladder inflammation, central sensitization, and autonomic dysfunction. This article discusses the possible pathophysiologies of refractory OAB.","2019 Sep","Pathophysiology of refractory overactive bladder. Overactive bladder (OAB) is a common condition. The International Continence Society defines OAB as a symptom complex characterized by urgency with or without urge incontinence, usually with frequency and nocturia. The first-line treatment for OAB includes behavioral therapy, such as caffeine reduction, fluid intake modification, weight reduction, bladder training, and pelvic floor muscle training, as well as treatment with antimuscarinic or &#x3b2; 3 -adrenoceptor agonist medications. However, less than half of all cases achieve satisfactory outcomes following first-line treatment. Second-line therapy considered if satisfactory responses are not achieved after 8 to 12&#x2009;weeks treatment with first-line therapy include intradetrusor botulinum toxin injection, neuromodulation, and surgical treatment. Patients with refractory OAB may have more severe symptoms or underlying pathophysiologies that were not resolved by the initial medication. The pathophysiologies of refractory OAB include occult neurogenic bladder, undetected bladder outlet obstruction, urethral-related OAB, urothelial dysfunction with aging, chronic bladder ischemia, chronic bladder inflammation, central sensitization, and autonomic dysfunction. This article discusses the possible pathophysiologies of refractory OAB."
"Mixed Urinary Incontinence.","","2026 Jan","Mixed Urinary Incontinence."
"Total fluid intake, caffeine, and other bladder irritant avoidance among adults having urinary urgency with and without urgency incontinence: The Symptoms of Lower Urinary Tract Dysfunction Research Network (LURN).","Caffeine has long been vilified as a cause for urinary urgency incontinence (UUI) along with other potential bladder irritants such as carbonation, alcohol, and acidic juices. The objective of this study was to assess the fluid intake behavior of people with urgency, UUI, and those with lower urinary tract symptoms (LUTS) without UUI or urgency to assess if they avoided certain potential bladder irritants or had different fluid intake. We hypothesized that patients with UUI would avoid caffeine as a self-management method more so than these other two groups. Treatment-seeking men and women with LUTS in the Symptoms of Lower Urinary Tract Dysfunction Research Network (LURN) Observational Cohort study completed a baseline 3-day voiding and intake diary. ""Complete"" diaries had 3&#xa0;days of data and no missing intake or voided volumes. Beverages with any caffeine, alcohol, carbonation, or acidic juice were identified and the total volume was recorded as well as the type of beverage containing caffeine to calculate the daily caffeine dose. Four hundred and ninety-one participants (277 men and 214 women) with a median age of 63 had complete diaries. Urinary urgency was more prevalent in women than men (79% vs. 55%, p&#x2009;<&#x2009;0.0001) as was UUI (84% vs. 47%, p&#x2009;<&#x2009;0.0001). Total fluid intake over 3 days was lower among the urgency group versus the nonurgency group (median [interquartile range] 5.2 [4.0-6.8]&#x2009;L vs. 5.7 [4.3-7.0]&#x2009;L, p&#x2009;=&#x2009;0.028) and the UUI group compared to the urgency without incontinence group were less likely to consume alcohol (26% vs. 37%, p&#x2009;=&#x2009;0.04). After adjusting for sex, BMI, age, and total intake volume, UUI participants had 54% lower odds of consuming any caffeine (odds ratio&#x2009;=&#x2009;0.46, 95% confidence interval&#x2009;=&#x2009;0.22-0.96, p&#x2009;=&#x2009;0.04) than those without incontinence, but among those that did consume caffeine, no difference in the volume of caffeinated beverages or milligrams of caffeine consumed was detected between those with UUI and those with urgency without incontinence. No difference in carbonation or acidic juice intake was detected between groups. Individuals with urgency consume a lower volume of fluid than those without urgency. UUI participants more often abstain from caffeine, but among those that consume caffeine, the dose is similar to those without UUI. One explanation for these results is that only a subset of individuals with urgency or UUI are caffeine sensitive.","2023 Jan","Total fluid intake, caffeine, and other bladder irritant avoidance among adults having urinary urgency with and without urgency incontinence: The Symptoms of Lower Urinary Tract Dysfunction Research Network (LURN). Caffeine has long been vilified as a cause for urinary urgency incontinence (UUI) along with other potential bladder irritants such as carbonation, alcohol, and acidic juices. The objective of this study was to assess the fluid intake behavior of people with urgency, UUI, and those with lower urinary tract symptoms (LUTS) without UUI or urgency to assess if they avoided certain potential bladder irritants or had different fluid intake. We hypothesized that patients with UUI would avoid caffeine as a self-management method more so than these other two groups. Treatment-seeking men and women with LUTS in the Symptoms of Lower Urinary Tract Dysfunction Research Network (LURN) Observational Cohort study completed a baseline 3-day voiding and intake diary. ""Complete"" diaries had 3&#xa0;days of data and no missing intake or voided volumes. Beverages with any caffeine, alcohol, carbonation, or acidic juice were identified and the total volume was recorded as well as the type of beverage containing caffeine to calculate the daily caffeine dose. Four hundred and ninety-one participants (277 men and 214 women) with a median age of 63 had complete diaries. Urinary urgency was more prevalent in women than men (79% vs. 55%, p&#x2009;<&#x2009;0.0001) as was UUI (84% vs. 47%, p&#x2009;<&#x2009;0.0001). Total fluid intake over 3 days was lower among the urgency group versus the nonurgency group (median [interquartile range] 5.2 [4.0-6.8]&#x2009;L vs. 5.7 [4.3-7.0]&#x2009;L, p&#x2009;=&#x2009;0.028) and the UUI group compared to the urgency without incontinence group were less likely to consume alcohol (26% vs. 37%, p&#x2009;=&#x2009;0.04). After adjusting for sex, BMI, age, and total intake volume, UUI participants had 54% lower odds of consuming any caffeine (odds ratio&#x2009;=&#x2009;0.46, 95% confidence interval&#x2009;=&#x2009;0.22-0.96, p&#x2009;=&#x2009;0.04) than those without incontinence, but among those that did consume caffeine, no difference in the volume of caffeinated beverages or milligrams of caffeine consumed was detected between those with UUI and those with urgency without incontinence. No difference in carbonation or acidic juice intake was detected between groups. Individuals with urgency consume a lower volume of fluid than those without urgency. UUI participants more often abstain from caffeine, but among those that consume caffeine, the dose is similar to those without UUI. One explanation for these results is that only a subset of individuals with urgency or UUI are caffeine sensitive."
"Managing lower urinary tract symptoms in men.","Male lower urinary tract symptoms (LUTS) are common and increase in prevalence with age. Up to 90% of men aged 50 to 80 may suffer from troublesome LUTS. Men may attend expressing direct concern about micturition, describing one or more LUTS and the related impact on their quality of life. Frequently men may present for other medical or urological reasons such as concern regarding their risk of having prostate cancer or erectile dysfunction but on taking a history bothersome LUTS are identified. Men may present late in the community with urinary retention: the inability to pass urine. A thorough urological history is essential to inform management. It is important to determine whether men have storage or voiding LUTS or both. All patients must have a systematic comprehensive examination including genitalia and a digital rectal examination. Investigations performed in primary care should be guided by the history and examination findings, taking into account the impact of the LUTS on the individual's quality of life. Current NICE guidelines recommend the following to be performed at initial assessment: frequency volume chart (FVC); urine dipstick to detect blood, glucose, protein, leucocytes and nitrites; and prostate specific antigen. Men should be referred for urological review if they have: bothersome LUTS which have not responded to conservative management or medical therapy; LUTS in association with recurrent or persistent UTIs; urinary retention; renal impairment suspected to be secondary to lower urinary tract dysfunction; or suspected urological malignancy. All patients not meeting criteria for immediate referral to urology can be managed initially in primary care. Based on history, examination and investigation findings an individualised management plan should be formulated. Basic lifestyle advice should be given regarding reduction or avoidance of caffeinated products and alcohol. The FVC should guide advice regarding fluid intake management and all medications should be reviewed.","2016 Apr","Managing lower urinary tract symptoms in men. Male lower urinary tract symptoms (LUTS) are common and increase in prevalence with age. Up to 90% of men aged 50 to 80 may suffer from troublesome LUTS. Men may attend expressing direct concern about micturition, describing one or more LUTS and the related impact on their quality of life. Frequently men may present for other medical or urological reasons such as concern regarding their risk of having prostate cancer or erectile dysfunction but on taking a history bothersome LUTS are identified. Men may present late in the community with urinary retention: the inability to pass urine. A thorough urological history is essential to inform management. It is important to determine whether men have storage or voiding LUTS or both. All patients must have a systematic comprehensive examination including genitalia and a digital rectal examination. Investigations performed in primary care should be guided by the history and examination findings, taking into account the impact of the LUTS on the individual's quality of life. Current NICE guidelines recommend the following to be performed at initial assessment: frequency volume chart (FVC); urine dipstick to detect blood, glucose, protein, leucocytes and nitrites; and prostate specific antigen. Men should be referred for urological review if they have: bothersome LUTS which have not responded to conservative management or medical therapy; LUTS in association with recurrent or persistent UTIs; urinary retention; renal impairment suspected to be secondary to lower urinary tract dysfunction; or suspected urological malignancy. All patients not meeting criteria for immediate referral to urology can be managed initially in primary care. Based on history, examination and investigation findings an individualised management plan should be formulated. Basic lifestyle advice should be given regarding reduction or avoidance of caffeinated products and alcohol. The FVC should guide advice regarding fluid intake management and all medications should be reviewed."
"Combined healthy lifestyles and overactive bladder: a cross-sectional study of NHANES 2007-2020.","The relationship between adherence to a combined healthy lifestyle and the risk of overactive bladder (OAB) remains unclear. This study aimed to investigate the association between a composite healthy lifestyle score and risk of OAB in a nationally representative sample of adults. This cross-sectional study utilized data from 20,195 non-pregnant adults aged 20-79&#x202f;years in the National Health and Nutrition Examination Survey (NHANES) 2007-2020. A healthy lifestyle score was constructed based on five components: current non-smoking, low-to-moderate alcohol consumption, adequate physical activity, a healthy diet, and optimal waist circumference. OAB was defined using self-reported urinary urgency incontinence and nocturia symptoms. Weighted multivariable logistic regression models were employed to assess the association between the healthy lifestyle score and risk of OAB, adjusting for demographic, socioeconomic, and clinical covariates. Among the 20,195 participants, 3,901 (14.58%) were identified as having OAB. A higher HLS was inversely associated with risk of OAB in a dose-response manner. Compared with individuals having 0-1 healthy lifestyle factors, those with 4-5 factors had a 46% lower risk of OAB (adjusted OR: 0.54, 95% CI: 0.45-0.65). Each additional healthy lifestyle factor was associated with a 17% lower risk of OAB (OR: 0.83, 95% CI: 0.79-0.88). Sensitivity analyses confirmed the robustness of these associations. Among individual components, non-smoking, moderate alcohol intake, regular physical activity, a healthy diet, and optimal waist circumference were each independently associated with a lower risk of OAB. Adherence to a combination of healthy lifestyle behaviors was significantly associated with a lower risk of OAB. These findings emphasize the potential role of lifestyle-based interventions in OAB prevention and management. Given the rising prevalence of OAB, particularly in aging populations, incorporating lifestyle modifications into clinical and public health strategies may offer an effective, non-pharmacological approach to mitigating risk of OAB. Further longitudinal studies are warranted to establish causality and elucidate the underlying biological mechanisms.","2025","Combined healthy lifestyles and overactive bladder: a cross-sectional study of NHANES 2007-2020. The relationship between adherence to a combined healthy lifestyle and the risk of overactive bladder (OAB) remains unclear. This study aimed to investigate the association between a composite healthy lifestyle score and risk of OAB in a nationally representative sample of adults. This cross-sectional study utilized data from 20,195 non-pregnant adults aged 20-79&#x202f;years in the National Health and Nutrition Examination Survey (NHANES) 2007-2020. A healthy lifestyle score was constructed based on five components: current non-smoking, low-to-moderate alcohol consumption, adequate physical activity, a healthy diet, and optimal waist circumference. OAB was defined using self-reported urinary urgency incontinence and nocturia symptoms. Weighted multivariable logistic regression models were employed to assess the association between the healthy lifestyle score and risk of OAB, adjusting for demographic, socioeconomic, and clinical covariates. Among the 20,195 participants, 3,901 (14.58%) were identified as having OAB. A higher HLS was inversely associated with risk of OAB in a dose-response manner. Compared with individuals having 0-1 healthy lifestyle factors, those with 4-5 factors had a 46% lower risk of OAB (adjusted OR: 0.54, 95% CI: 0.45-0.65). Each additional healthy lifestyle factor was associated with a 17% lower risk of OAB (OR: 0.83, 95% CI: 0.79-0.88). Sensitivity analyses confirmed the robustness of these associations. Among individual components, non-smoking, moderate alcohol intake, regular physical activity, a healthy diet, and optimal waist circumference were each independently associated with a lower risk of OAB. Adherence to a combination of healthy lifestyle behaviors was significantly associated with a lower risk of OAB. These findings emphasize the potential role of lifestyle-based interventions in OAB prevention and management. Given the rising prevalence of OAB, particularly in aging populations, incorporating lifestyle modifications into clinical and public health strategies may offer an effective, non-pharmacological approach to mitigating risk of OAB. Further longitudinal studies are warranted to establish causality and elucidate the underlying biological mechanisms."
"Associations Between Risk Factors and Overactive Bladder: A Meta-analysis.","The purpose of this study was to investigate the risk factors of overactive bladder (OAB). The PubMed, Embase, and Cochrane Library databases were retrieved through May 2016. Odds ratios (OR) or standard mean differences (SMDs) with 95% confidence intervals (CIs) were used to evaluate the associations between risk factors and OAB. Heterogeneity among studies was examined using &#x3c7; test based on the Q and I tests. A total of 28 articles were analyzed in our study. The results suggested that age and body mass index were significantly higher in OAB patients than in non-OAB controls (SMDs [95% CIs], 0.30 [0.19-0.41] and 0.39 [0.24-0.53]). A significant negative association was found between employment status and OAB (OR [95% CIs], 0.64 [0.46-0.90]). However, sex, educational level, parity, vaginal delivery, race, menopause, marital status, smoking, and alcohol consumption were not significantly different in OAB and non-OAB control patients (ORs [95% CIs], 0.95 [0.59-1.55], 1.04 [0.82, 1.33], 0.98 [0.56-1.70], 1.66 [0.90-3.07], 0.98 [0.75-1.28], 1.84 [0.23-14.70], 0.97 [0.78-1.19], 0.91 [0.77-1.08], and 0.88 [0.71-1.09], respectively). In addition, the number of parities and vaginal deliveries in OAB patients also showed no significant differences compared with non-OAB control patients (SMDs [95% CI], 0.05 [-0.27 to 0.38] and -0.16 [0.40 to 0.09]). This meta-analysis suggests that age and body mass index are associated with increased risks of OAB, whereas employment status is associated with a decreased risk of OAB. Further prospective studies with large sample sizes are needed to confirm this conclusion.","2019 May/Jun","Associations Between Risk Factors and Overactive Bladder: A Meta-analysis. The purpose of this study was to investigate the risk factors of overactive bladder (OAB). The PubMed, Embase, and Cochrane Library databases were retrieved through May 2016. Odds ratios (OR) or standard mean differences (SMDs) with 95% confidence intervals (CIs) were used to evaluate the associations between risk factors and OAB. Heterogeneity among studies was examined using &#x3c7; test based on the Q and I tests. A total of 28 articles were analyzed in our study. The results suggested that age and body mass index were significantly higher in OAB patients than in non-OAB controls (SMDs [95% CIs], 0.30 [0.19-0.41] and 0.39 [0.24-0.53]). A significant negative association was found between employment status and OAB (OR [95% CIs], 0.64 [0.46-0.90]). However, sex, educational level, parity, vaginal delivery, race, menopause, marital status, smoking, and alcohol consumption were not significantly different in OAB and non-OAB control patients (ORs [95% CIs], 0.95 [0.59-1.55], 1.04 [0.82, 1.33], 0.98 [0.56-1.70], 1.66 [0.90-3.07], 0.98 [0.75-1.28], 1.84 [0.23-14.70], 0.97 [0.78-1.19], 0.91 [0.77-1.08], and 0.88 [0.71-1.09], respectively). In addition, the number of parities and vaginal deliveries in OAB patients also showed no significant differences compared with non-OAB control patients (SMDs [95% CI], 0.05 [-0.27 to 0.38] and -0.16 [0.40 to 0.09]). This meta-analysis suggests that age and body mass index are associated with increased risks of OAB, whereas employment status is associated with a decreased risk of OAB. Further prospective studies with large sample sizes are needed to confirm this conclusion."
"Potential Bladder Irritants and Overactive Bladder Symptoms: A Systematic Review.","Initial management for overactive bladder includes behavioral modification with avoidance of bladder irritants. However, in 2017, the International Consultation on Incontinence concluded that more research is needed to determine the precise role of these irritants in the treatment of overactive bladder. The objectives were to identify, evaluate, and summarize peer-reviewed literature examining associations between 6 potential bladder irritants as proposed by the National Institute of Diabetes and Digestive and Kidney Diseases (alcohol; spicy foods; chocolate; artificial sweeteners; caffeinated, carbonated, and citrus beverages; and high-acid foods such as citrus and tomatoes) and OAB symptoms. We performed a systematic literature search on MEDLINE, EMBASE, and SCOPUS. An adapted version of the patient-intervention-comparison-outcome framework was applied. The risk of bias was assessed using the Risk of Bias in Non-randomized Studies-of Exposures assessment tool. The study was registered in the International Prospective Register of Systematic Reviews (PROSPERO) (CRD42023466251). We reviewed 51 unique articles exploring the effect of alcohol (n = 34); spicy foods (n = 1); chocolate (n = 3); artificial sweeteners (n = 5); caffeinated, carbonated, and citrus beverages (n = 27); and high-acid foods (n = 2). The considered outcomes included overactive bladder (n = 16), urgency incontinence (n = 19), urinary urgency (n = 15), frequency (n = 17), and nocturia (n = 17). Overall, observed associations were mixed and inconsistent. The risk of bias was moderate in 23 publications and low for the remaining publications. This systematic review failed to identify consistent evidence of an association between any of these 6 potential bladder irritants and overactive bladder symptoms.","2025 Apr 1","Potential Bladder Irritants and Overactive Bladder Symptoms: A Systematic Review. Initial management for overactive bladder includes behavioral modification with avoidance of bladder irritants. However, in 2017, the International Consultation on Incontinence concluded that more research is needed to determine the precise role of these irritants in the treatment of overactive bladder. The objectives were to identify, evaluate, and summarize peer-reviewed literature examining associations between 6 potential bladder irritants as proposed by the National Institute of Diabetes and Digestive and Kidney Diseases (alcohol; spicy foods; chocolate; artificial sweeteners; caffeinated, carbonated, and citrus beverages; and high-acid foods such as citrus and tomatoes) and OAB symptoms. We performed a systematic literature search on MEDLINE, EMBASE, and SCOPUS. An adapted version of the patient-intervention-comparison-outcome framework was applied. The risk of bias was assessed using the Risk of Bias in Non-randomized Studies-of Exposures assessment tool. The study was registered in the International Prospective Register of Systematic Reviews (PROSPERO) (CRD42023466251). We reviewed 51 unique articles exploring the effect of alcohol (n = 34); spicy foods (n = 1); chocolate (n = 3); artificial sweeteners (n = 5); caffeinated, carbonated, and citrus beverages (n = 27); and high-acid foods (n = 2). The considered outcomes included overactive bladder (n = 16), urgency incontinence (n = 19), urinary urgency (n = 15), frequency (n = 17), and nocturia (n = 17). Overall, observed associations were mixed and inconsistent. The risk of bias was moderate in 23 publications and low for the remaining publications. This systematic review failed to identify consistent evidence of an association between any of these 6 potential bladder irritants and overactive bladder symptoms."
"Lower urinary tract symptoms and mental health during COVID-19 pandemic.","Coronaviruses (CoVs) are a group of RNA viruses involved in several human diseases affecting respiratory, enteric, hepatic, and neurological systems. COVID-19 was identified in 2020 and was named SARS-CoV-2. To limit worldwide contagion, many countries instituted a lockdown, which conducted to disruption of routine life. In fact, pandemic was associated with several stresses among population, such as loss of employment, deaths of family members, friends, or colleagues, financial insecurity, and isolation. This led to long-lasting psychosocial effects as anxiety and depression, increasing the prevalence of stress and traumarelated disorders in the population. The aim of this study was to investigate the correlation between lower urinary tracts symptoms (LUTS) and stress/depressive symptoms during COVID-19 pandemic. An anonymous cross-sectional webbased survey (comprehending anthropometric data, education level, occupation status, smoking and alcohol habits, current therapies, quarantine and COVID-19 infection status) was conducted from March to May 2020 in Italy. LUTS were examined through National Institute of Health-Chronic Prostatitis Symptom Index (NIH-CPSI) and Genitourinary Pain Index (GUPI). Hamilton Depression Rating Scale (HDRS) was utilized to evaluate depressive and anxiety symptoms. Non-parametric Kruskal-Wallis H Test was used for statistical analysis. A total of 356 out of 461 subjects fully completed the survey, with a response rate of 77.2%. Data showed that subjects involved in economic difficulties, quarantine measures or with increased HDRS reported a significative statistic worsened urinary symptoms (H(3) = 11.731, p = 0.008), quality of life, (H(3) = 10.301, p = 0.016), total NIH-CPSI/GUPI score (H(3) = 42.150, p = 0.000), and quality of life (H(3) = 48.638, p = 0.000). COVID-19 pandemic provoked several alterations in everyday life. Although general lockdown, quarantine and social distancing have been necessary to prevent virus spreading, this had long term effects on all population in terms of mental and physical health. NIH-CPSI and GUPI scores increased linearly with stress and anxiety levels measured at HDRS, confirming worse LUTS in subjects who suffered anxiety and stress from COVID-19 pandemic.","2022 Mar 29","Lower urinary tract symptoms and mental health during COVID-19 pandemic. Coronaviruses (CoVs) are a group of RNA viruses involved in several human diseases affecting respiratory, enteric, hepatic, and neurological systems. COVID-19 was identified in 2020 and was named SARS-CoV-2. To limit worldwide contagion, many countries instituted a lockdown, which conducted to disruption of routine life. In fact, pandemic was associated with several stresses among population, such as loss of employment, deaths of family members, friends, or colleagues, financial insecurity, and isolation. This led to long-lasting psychosocial effects as anxiety and depression, increasing the prevalence of stress and traumarelated disorders in the population. The aim of this study was to investigate the correlation between lower urinary tracts symptoms (LUTS) and stress/depressive symptoms during COVID-19 pandemic. An anonymous cross-sectional webbased survey (comprehending anthropometric data, education level, occupation status, smoking and alcohol habits, current therapies, quarantine and COVID-19 infection status) was conducted from March to May 2020 in Italy. LUTS were examined through National Institute of Health-Chronic Prostatitis Symptom Index (NIH-CPSI) and Genitourinary Pain Index (GUPI). Hamilton Depression Rating Scale (HDRS) was utilized to evaluate depressive and anxiety symptoms. Non-parametric Kruskal-Wallis H Test was used for statistical analysis. A total of 356 out of 461 subjects fully completed the survey, with a response rate of 77.2%. Data showed that subjects involved in economic difficulties, quarantine measures or with increased HDRS reported a significative statistic worsened urinary symptoms (H(3) = 11.731, p = 0.008), quality of life, (H(3) = 10.301, p = 0.016), total NIH-CPSI/GUPI score (H(3) = 42.150, p = 0.000), and quality of life (H(3) = 48.638, p = 0.000). COVID-19 pandemic provoked several alterations in everyday life. Although general lockdown, quarantine and social distancing have been necessary to prevent virus spreading, this had long term effects on all population in terms of mental and physical health. NIH-CPSI and GUPI scores increased linearly with stress and anxiety levels measured at HDRS, confirming worse LUTS in subjects who suffered anxiety and stress from COVID-19 pandemic."
"The association between wet overactive bladder and consumption of tea, coffee, and caffeine: Results from 2005-2018 National Health and Nutrition Examination Survey.","Previous studies have reported an inconsistent relationship between overactive bladder (OAB) and the consumption of tea, coffee, and caffeine. Our study aims to determine these associations in a large and nationally representative adult sample. This cross-sectional study included 15,379 participants from the 2005-2018 US National Health and Nutrition Examination Survey (NHANES) database. The outcome was the risk of wet OAB that was diagnosed when the OAB symptom score was &#x2265;3 with urgent urinary incontinence and excluded other diseases affecting diagnosis. The exposures were the consumption of tea, coffee, and caffeine. Weighted logistic regression models were established to explore these associations by calculating odds ratios (OR) and 95% confidence intervals (CI), as did restricted cubic splines (RCS) used to analyze the nonlinear associations. Of all the participants (n&#xa0;=&#xa0;15,379), 2207 had wet OAB. Mean [SE] consumption of tea, total coffee, caffeinated coffee, decaffeinated coffee, and caffeine was 233.6 [15.7] g/day, 364.3 [15.5] g/day, 301.6 [14.9] g/day, 62.7 [7.9] g/day, 175.5 [6.6] mg/day in participants with wet OAB, respectively. In the fully adjusted model, compared to those without tea consumption, the high consumption of tea (>481&#xa0;g/day) was associated with an increased risk of wet OAB (OR: 1.29; 95%CI: 1.01-1.64). Low decaffeinated coffee (0.001-177.6&#xa0;g/day) had a negative association with the risk (OR: 0.66; 95%CI: 0.49-0.90). In the RCS analysis, tea consumption showed a positive linear association with the risk of wet OAB, and decaffeinated coffee showed a nonlinear relationship with the risk and had a turning point of 78&#xa0;g/day in the U-shaped curve between 0 and 285&#xa0;g/day. Besides, total coffee, caffeinated coffee, and caffeine consumption had no significant association with the risk. Interestingly, in the high tea consumption, participants with high total coffee consumption [>527.35&#xa0;g/day, OR and 95%CI: 2.14(1.16-3.94)] and low caffeine consumption [0.1-74.0&#xa0;mg/day, OR and 95%CI: 1.50(1.03-2.17)] were positively associated with the risk of wet OAB. High tea consumption was associated with the increased risk of wet OAB, especially intake together with high total coffee and low caffeine consumption, but no significant association with the single consumption of total coffee and caffeine. Low decaffeinated coffee was associated with a decreased risk of wet OAB. It is necessary to control tea intake when managing the liquid intake of wet OAB patients.","2024 Jun","The association between wet overactive bladder and consumption of tea, coffee, and caffeine: Results from 2005-2018 National Health and Nutrition Examination Survey. Previous studies have reported an inconsistent relationship between overactive bladder (OAB) and the consumption of tea, coffee, and caffeine. Our study aims to determine these associations in a large and nationally representative adult sample. This cross-sectional study included 15,379 participants from the 2005-2018 US National Health and Nutrition Examination Survey (NHANES) database. The outcome was the risk of wet OAB that was diagnosed when the OAB symptom score was &#x2265;3 with urgent urinary incontinence and excluded other diseases affecting diagnosis. The exposures were the consumption of tea, coffee, and caffeine. Weighted logistic regression models were established to explore these associations by calculating odds ratios (OR) and 95% confidence intervals (CI), as did restricted cubic splines (RCS) used to analyze the nonlinear associations. Of all the participants (n&#xa0;=&#xa0;15,379), 2207 had wet OAB. Mean [SE] consumption of tea, total coffee, caffeinated coffee, decaffeinated coffee, and caffeine was 233.6 [15.7] g/day, 364.3 [15.5] g/day, 301.6 [14.9] g/day, 62.7 [7.9] g/day, 175.5 [6.6] mg/day in participants with wet OAB, respectively. In the fully adjusted model, compared to those without tea consumption, the high consumption of tea (>481&#xa0;g/day) was associated with an increased risk of wet OAB (OR: 1.29; 95%CI: 1.01-1.64). Low decaffeinated coffee (0.001-177.6&#xa0;g/day) had a negative association with the risk (OR: 0.66; 95%CI: 0.49-0.90). In the RCS analysis, tea consumption showed a positive linear association with the risk of wet OAB, and decaffeinated coffee showed a nonlinear relationship with the risk and had a turning point of 78&#xa0;g/day in the U-shaped curve between 0 and 285&#xa0;g/day. Besides, total coffee, caffeinated coffee, and caffeine consumption had no significant association with the risk. Interestingly, in the high tea consumption, participants with high total coffee consumption [>527.35&#xa0;g/day, OR and 95%CI: 2.14(1.16-3.94)] and low caffeine consumption [0.1-74.0&#xa0;mg/day, OR and 95%CI: 1.50(1.03-2.17)] were positively associated with the risk of wet OAB. High tea consumption was associated with the increased risk of wet OAB, especially intake together with high total coffee and low caffeine consumption, but no significant association with the single consumption of total coffee and caffeine. Low decaffeinated coffee was associated with a decreased risk of wet OAB. It is necessary to control tea intake when managing the liquid intake of wet OAB patients."
"Men's Health: Benign Prostatic Hyperplasia.","Benign prostatic hyperplasia (BPH) commonly causes lower urinary tract symptoms (LUTS) through narrowing of the urethra and disruption of innervation of the gland. BPH is common in older men. Risk factors include Black race, Hispanic ethnicity, obesity, type 2 diabetes, high levels of alcohol consumption, physical inactivity, and a family history of BPH. The degree of LUTS can be assessed using the American Urological Association Symptom Index (AUASI). Watchful waiting is recommended for men with mild symptoms. Alpha 1 -adrenergic blockers or 5-alpha reductase inhibitors can be used to manage more severe symptoms. (This is an off-label use of some alpha 1 -adrenergic blockers.) Alpha 1 -adrenergic blockers typically are the initial choice. Combination therapy is more effective than monotherapy. Anticholinergics and beta 3 -adrenergic agonists can be used to manage irritative LUTS if the postvoiding residual urine volume is low. (This is an off-label use of anticholinergics and beta 3 -adrenergic agonists.) The phosphodiesterase type 5 inhibitor tadalafil is a second-line pharmacotherapy. There is insufficient evidence to support use of integrative medicine therapies. Physicians should consult with a urology subspecialist when patients do not benefit from medical therapy or have refractory LUTS, recurrent urinary tract infections, gross hematuria, bladder stones, or renal insufficiency.","2021 Apr","Men's Health: Benign Prostatic Hyperplasia. Benign prostatic hyperplasia (BPH) commonly causes lower urinary tract symptoms (LUTS) through narrowing of the urethra and disruption of innervation of the gland. BPH is common in older men. Risk factors include Black race, Hispanic ethnicity, obesity, type 2 diabetes, high levels of alcohol consumption, physical inactivity, and a family history of BPH. The degree of LUTS can be assessed using the American Urological Association Symptom Index (AUASI). Watchful waiting is recommended for men with mild symptoms. Alpha 1 -adrenergic blockers or 5-alpha reductase inhibitors can be used to manage more severe symptoms. (This is an off-label use of some alpha 1 -adrenergic blockers.) Alpha 1 -adrenergic blockers typically are the initial choice. Combination therapy is more effective than monotherapy. Anticholinergics and beta 3 -adrenergic agonists can be used to manage irritative LUTS if the postvoiding residual urine volume is low. (This is an off-label use of anticholinergics and beta 3 -adrenergic agonists.) The phosphodiesterase type 5 inhibitor tadalafil is a second-line pharmacotherapy. There is insufficient evidence to support use of integrative medicine therapies. Physicians should consult with a urology subspecialist when patients do not benefit from medical therapy or have refractory LUTS, recurrent urinary tract infections, gross hematuria, bladder stones, or renal insufficiency."
"Relationship between alcohol use and overactive bladder disease: a cross-sectional study of the NHANES 2005-2016.","Overactive bladder syndrome (OAB) is a prevalent urological condition which has a substantial impact on the life quality of affected individuals, resulting in restrictions in daily activities and work productivity. Alcohol is a diuretic, which means that it increases urine production and can potentially worsen urinary urgency and frequency. Several studies have investigated the association between alcohol consumption and OAB symptoms, but the results have been conflicting. This study aimed to investigate the relationship between alcohol consumption and OAB symptoms using a large, nationally representative sample. Data from the National Health and Nutrition Examination Survey 2005-2016 were obtained for analysis. The Overactive Bladder Symptom Scale (OBSS) was used to determine the presence of OAB in each participant. Multivariate logistic regression and ordinal logistic regression were used to analyze the association of alcohol use frequency and quantity with the onset and severity of OAB, respectively. A total of 7,805 samples (representing the 1,473,525,341 US population after weighting) were included in our analysis. Approximately 12.4% of this weighted sample self-reported having OAB. A greater proportion of nondrinkers, a higher proportion of females, higher blood pressure, older age, and lower income levels were observed in OAB patients compared to non-OAB patients. Univariate logistic regression revealed that the risk of OAB was significantly greater in the nondrinker group than in the 1-5 drinks/month (OR 0.64; 95% CI, 0.50-0.83), 5-10 drinks/month (OR 0.60; 95% CI, 0.43-0.82) and 10+ drinks/month groups (OR 0.41; 95% CI, 0.30-0.56) and the risk of OAB in the lowest quartile of alcohol consumption quantity was significantly higher than the second (OR 0.58; 95% CI, 0.47-0.70), third (OR 0.49; 95% CI, 0.39-0.62), and highest quartiles groups (OR 0.58; 95% CI, 0.45-0.75). The adjusted model revealed that only patients in the 10+ drinks/month group had a significantly lower risk of OAB than did those in the nondrinker group (OR&#x202f;=&#x202f;0.64; 95% CI&#x202f;=&#x202f;0.45-0.92), while the other two groups had similar risks. Furthermore, no significant association was found for the highest quartiles in the adjusted model; however, the second and third quartiles of alcohol consumption quantity group still exhibited obvious associations. These findings suggest that higher alcohol consumption, when appropriate, is associated with a lower risk of OAB compared to nondrinkers and the lowest quartile of alcohol consumption quantity group, even after adjusting for age, sex, race, and comorbidities. In conclusion, our findings revealed a significant association between alcohol consumption and the incidence of OAB in the study population. In terms of long-term effects, alcohol may not be a risk factor for OAB. These factors may represent intervention targets for lowering the risk and severity of OAB symptoms, but this needs to be confirmed in large clinical trials.","2024","Relationship between alcohol use and overactive bladder disease: a cross-sectional study of the NHANES 2005-2016. Overactive bladder syndrome (OAB) is a prevalent urological condition which has a substantial impact on the life quality of affected individuals, resulting in restrictions in daily activities and work productivity. Alcohol is a diuretic, which means that it increases urine production and can potentially worsen urinary urgency and frequency. Several studies have investigated the association between alcohol consumption and OAB symptoms, but the results have been conflicting. This study aimed to investigate the relationship between alcohol consumption and OAB symptoms using a large, nationally representative sample. Data from the National Health and Nutrition Examination Survey 2005-2016 were obtained for analysis. The Overactive Bladder Symptom Scale (OBSS) was used to determine the presence of OAB in each participant. Multivariate logistic regression and ordinal logistic regression were used to analyze the association of alcohol use frequency and quantity with the onset and severity of OAB, respectively. A total of 7,805 samples (representing the 1,473,525,341 US population after weighting) were included in our analysis. Approximately 12.4% of this weighted sample self-reported having OAB. A greater proportion of nondrinkers, a higher proportion of females, higher blood pressure, older age, and lower income levels were observed in OAB patients compared to non-OAB patients. Univariate logistic regression revealed that the risk of OAB was significantly greater in the nondrinker group than in the 1-5 drinks/month (OR 0.64; 95% CI, 0.50-0.83), 5-10 drinks/month (OR 0.60; 95% CI, 0.43-0.82) and 10+ drinks/month groups (OR 0.41; 95% CI, 0.30-0.56) and the risk of OAB in the lowest quartile of alcohol consumption quantity was significantly higher than the second (OR 0.58; 95% CI, 0.47-0.70), third (OR 0.49; 95% CI, 0.39-0.62), and highest quartiles groups (OR 0.58; 95% CI, 0.45-0.75). The adjusted model revealed that only patients in the 10+ drinks/month group had a significantly lower risk of OAB than did those in the nondrinker group (OR&#x202f;=&#x202f;0.64; 95% CI&#x202f;=&#x202f;0.45-0.92), while the other two groups had similar risks. Furthermore, no significant association was found for the highest quartiles in the adjusted model; however, the second and third quartiles of alcohol consumption quantity group still exhibited obvious associations. These findings suggest that higher alcohol consumption, when appropriate, is associated with a lower risk of OAB compared to nondrinkers and the lowest quartile of alcohol consumption quantity group, even after adjusting for age, sex, race, and comorbidities. In conclusion, our findings revealed a significant association between alcohol consumption and the incidence of OAB in the study population. In terms of long-term effects, alcohol may not be a risk factor for OAB. These factors may represent intervention targets for lowering the risk and severity of OAB symptoms, but this needs to be confirmed in large clinical trials."
"[First-line treatment for non-neurogenic overactive bladder].","The aim was to synthesize current knowledge on overactive bladder (OAB) first-line treatments. A systematic literature review based on PubMed, Embase and Google Scholar was conducted in June 2020. Behavioral treatments are based on bladder training and timed voiding using a bladder diary. Lifestyle modifications should be suggested. They include reduction of fluid intake, consumption of caffeine, sodas, weight loss, avoidance of acidic fruit juices and of spicy and acidic salty diet, alkalization of urine by diet and possibly, vitamin D supplementation. Pelvic floor muscle training is mainly based on manual techniques, electrostimulation and/or biofeedback. It has been shown to be effective in treating OAB. In menopausal women, local hormone therapy improves all OAB symptoms. Oral drugs include anticholinergics and beta-3-agonists. Their efficacy is quite similar and superior to placebo. In case of failure of monotherapy, they may be combined. Apart from some lifestyle modifications, the efficacy of first-line treatments for OAB has been demonstrated by prospective controlled studies. They may be prescribed individually or in combination.","2020 Nov","[First-line treatment for non-neurogenic overactive bladder]. The aim was to synthesize current knowledge on overactive bladder (OAB) first-line treatments. A systematic literature review based on PubMed, Embase and Google Scholar was conducted in June 2020. Behavioral treatments are based on bladder training and timed voiding using a bladder diary. Lifestyle modifications should be suggested. They include reduction of fluid intake, consumption of caffeine, sodas, weight loss, avoidance of acidic fruit juices and of spicy and acidic salty diet, alkalization of urine by diet and possibly, vitamin D supplementation. Pelvic floor muscle training is mainly based on manual techniques, electrostimulation and/or biofeedback. It has been shown to be effective in treating OAB. In menopausal women, local hormone therapy improves all OAB symptoms. Oral drugs include anticholinergics and beta-3-agonists. Their efficacy is quite similar and superior to placebo. In case of failure of monotherapy, they may be combined. Apart from some lifestyle modifications, the efficacy of first-line treatments for OAB has been demonstrated by prospective controlled studies. They may be prescribed individually or in combination."
"Lower urinary tract symptoms and functional ability in older adults: a community-based cross-sectional study.","Functional ability, or the ability to live actively in older age, is essential for healthy ageing. This study assessed the association between the five types of lower urinary tract symptoms (LUTS) and functional ability among community-dwelling older adults (&#x2265;65 years old). A cross-sectional study. Community-dwelling older adults (&#x2265;65 years old) randomly selected from the basic resident register of Kashiwa city as part of the Kashiwa study. The study included 916 community-dwelling older adults (481 male participants) in Japan. A self-administered questionnaire was used to collect data regarding LUTS, which included frequency, nocturia, urgency, urinary incontinence and overactive bladder (OAB). Functional ability was measured using the Japan Science and Technology Agency Index of Competence. Sex-stratified logistic regression analyses were conducted, adjusting age, obesity, alcohol consumption, polypharmacy and comorbidities. Male participants experienced symptoms of frequency, nocturia, urgency, urinary incontinence and OAB at rates of 68.0%, 89.0%, 16.0%, 3.7% and 4.3%, respectively. Female participants experienced these symptoms at rates of 68.3%, 80.0%, 11.0%, 7.4% and 8.5%, respectively. Among male participants, lower functional ability was only associated with nocturia (&#x2265;3 times/night) (adjusted OR (AOR): 1.71, 95% CI 1.05 to 2.79). Contrarily, lower functional ability among female participants was significantly associated with frequency (AOR: 1.61, 95% CI 1.04 to 2.49), urgency (AOR: 2.06, 95% CI 1.08 to 3.95) and OAB (AOR: 2.43, 95% CI 1.15 to 5.11). The different associations between LUTS and functional ability by sex might be related to differences in the effect of comorbidities and physical fatigue. Our results help clarify the multifaceted effects of LUTS in old age, the need for early detection and treatment of LUTS, and the importance of maintaining functional ability.","2022 Apr 25","Lower urinary tract symptoms and functional ability in older adults: a community-based cross-sectional study. Functional ability, or the ability to live actively in older age, is essential for healthy ageing. This study assessed the association between the five types of lower urinary tract symptoms (LUTS) and functional ability among community-dwelling older adults (&#x2265;65 years old). A cross-sectional study. Community-dwelling older adults (&#x2265;65 years old) randomly selected from the basic resident register of Kashiwa city as part of the Kashiwa study. The study included 916 community-dwelling older adults (481 male participants) in Japan. A self-administered questionnaire was used to collect data regarding LUTS, which included frequency, nocturia, urgency, urinary incontinence and overactive bladder (OAB). Functional ability was measured using the Japan Science and Technology Agency Index of Competence. Sex-stratified logistic regression analyses were conducted, adjusting age, obesity, alcohol consumption, polypharmacy and comorbidities. Male participants experienced symptoms of frequency, nocturia, urgency, urinary incontinence and OAB at rates of 68.0%, 89.0%, 16.0%, 3.7% and 4.3%, respectively. Female participants experienced these symptoms at rates of 68.3%, 80.0%, 11.0%, 7.4% and 8.5%, respectively. Among male participants, lower functional ability was only associated with nocturia (&#x2265;3 times/night) (adjusted OR (AOR): 1.71, 95% CI 1.05 to 2.79). Contrarily, lower functional ability among female participants was significantly associated with frequency (AOR: 1.61, 95% CI 1.04 to 2.49), urgency (AOR: 2.06, 95% CI 1.08 to 3.95) and OAB (AOR: 2.43, 95% CI 1.15 to 5.11). The different associations between LUTS and functional ability by sex might be related to differences in the effect of comorbidities and physical fatigue. Our results help clarify the multifaceted effects of LUTS in old age, the need for early detection and treatment of LUTS, and the importance of maintaining functional ability."
"The relationship between overactive bladder and attachment: A preliminary study.","There are strong relationships between overactive bladder (OAB) and psychological factors. The aim of this study was to examine the relationship between OAB and attachment. Patients who presented with OAB symptoms and were first diagnosed with OAB were included in the study. Patient and control groups were matched in terms of age and gender. A urological and psychiatric examination was performed on each participant. The severity of patients' OAB symptoms was assessed using the Overactive Bladder-V8 Questionnaire (OAB-v8). The characteristics of attachment patterns were evaluated using The Close Relationships Scale Revised. The OAB and control groups included 41 and 43 participants, respectively. No significant difference was found between the two groups with regard to alcohol abuse, daily cigarette consumption, marital status, and gender. The prevalence of anxious attachment was significantly higher in the OAB group than in the control group (p&#x2009;<&#x2009;0.001), whereas no significant difference was found with regard to avoidant attachment (p&#x2009;=&#x2009;0.18). A significant relationship was found between the OAB-v8 score and anxious attachment in OAB patients (r&#x2009;=&#x2009;0.50; p&#x2009;<&#x2009;0.001). Our findings suggest that insecure attachment, especially anxious attachment is associated with OAB and the severity of OAB symptoms. More extensive and longitudinal studies can better show the relationship between attachment and OAB. Future research may focus on the possibility of causality between attachment and OAB.","2021 Jun","The relationship between overactive bladder and attachment: A preliminary study. There are strong relationships between overactive bladder (OAB) and psychological factors. The aim of this study was to examine the relationship between OAB and attachment. Patients who presented with OAB symptoms and were first diagnosed with OAB were included in the study. Patient and control groups were matched in terms of age and gender. A urological and psychiatric examination was performed on each participant. The severity of patients' OAB symptoms was assessed using the Overactive Bladder-V8 Questionnaire (OAB-v8). The characteristics of attachment patterns were evaluated using The Close Relationships Scale Revised. The OAB and control groups included 41 and 43 participants, respectively. No significant difference was found between the two groups with regard to alcohol abuse, daily cigarette consumption, marital status, and gender. The prevalence of anxious attachment was significantly higher in the OAB group than in the control group (p&#x2009;<&#x2009;0.001), whereas no significant difference was found with regard to avoidant attachment (p&#x2009;=&#x2009;0.18). A significant relationship was found between the OAB-v8 score and anxious attachment in OAB patients (r&#x2009;=&#x2009;0.50; p&#x2009;<&#x2009;0.001). Our findings suggest that insecure attachment, especially anxious attachment is associated with OAB and the severity of OAB symptoms. More extensive and longitudinal studies can better show the relationship between attachment and OAB. Future research may focus on the possibility of causality between attachment and OAB."
"Marijuana, Alcohol, and ED: Correlations with LUTS/BPH.","Benign prostatic hyperplasia (BPH) and lower urinary tract symptoms (LUTS) is a disease complex with enormous societal burden and yet the pathogenesis of LUTS/BPH is poorly understood. We set out to review the literature on the relationship between depression, marijuana usage, and erectile dysfunction (ED) to LUTS/BPH. LUTS/BPH has independent associations with depression as well as with ED. In each case, the causality and mechanistic relationship is unknown. The impact of marijuana, as it increasingly pervades the general population, on the disease complex of LUTS/BPH is not well studied but recent results support short-term benefit and long-term caution. Depression, a form of central nervous dysfunction, and ED, which is likely mediated via endothelial dysfunction, are independently associated with LUTS/BPH. The presence of cannabinoid receptors in urologic organs, coupled with recent population studies, supports a modulatory effect of marijuana on voiding although an enormous knowledge gap remains.","2021 Feb 8","Marijuana, Alcohol, and ED: Correlations with LUTS/BPH. Benign prostatic hyperplasia (BPH) and lower urinary tract symptoms (LUTS) is a disease complex with enormous societal burden and yet the pathogenesis of LUTS/BPH is poorly understood. We set out to review the literature on the relationship between depression, marijuana usage, and erectile dysfunction (ED) to LUTS/BPH. LUTS/BPH has independent associations with depression as well as with ED. In each case, the causality and mechanistic relationship is unknown. The impact of marijuana, as it increasingly pervades the general population, on the disease complex of LUTS/BPH is not well studied but recent results support short-term benefit and long-term caution. Depression, a form of central nervous dysfunction, and ED, which is likely mediated via endothelial dysfunction, are independently associated with LUTS/BPH. The presence of cannabinoid receptors in urologic organs, coupled with recent population studies, supports a modulatory effect of marijuana on voiding although an enormous knowledge gap remains."
"Medical treatment of lower urinary tract symptoms/benign prostatic hyperplasia: anything new in 2015.","The purpose of this study is to provide an update on recent developments regarding the medical management of male lower urinary tract symptoms (LUTS). Silodosin improves storage/voiding symptoms and nocturia and is effective within the framework of a trial without a catheter. 5&#x3b1;-reductase inhibitors (5ARIs) are not associated with male breast cancer development. Alcohol consumption seems to increase the risk of high-grade prostate cancer under 5ARIs. The combination of &#x3b1;-blocker and 5ARIs remains a well established concept for benign prostatic hyperplasia/LUTS patients with an enhanced risk of disease progression. Tadalafil 5&#x200a;mg/day monotherapy is a valid option particularly for men with LUTS and erectile dysfunction; the combination of Tadalafil 5&#x200a;mg/day with a 5ARI is an interesting approach. The fixed-dose combination of &#x3b1;-blocker and antimuscarinic provides advantages regarding storage symptom improvement. This approach is currently primarily recommended as an add-on strategy. Mirabegron opens new horizons in the management of male LUTS and has no negative (but also no positive) urodynamic effects. Several encouraging novel approaches are currently in the experimental phase and might enhance our therapeutic armamentarium in the near future. The recent literature refines our knowledge on current therapeutic options and provides further evidence for an individualized, risk-adapted approach for male LUTS mainly depending on symptoms status, comorbidities (i.e. erectile dysfunction) and risk of disease progression.","2015 Jan","Medical treatment of lower urinary tract symptoms/benign prostatic hyperplasia: anything new in 2015. The purpose of this study is to provide an update on recent developments regarding the medical management of male lower urinary tract symptoms (LUTS). Silodosin improves storage/voiding symptoms and nocturia and is effective within the framework of a trial without a catheter. 5&#x3b1;-reductase inhibitors (5ARIs) are not associated with male breast cancer development. Alcohol consumption seems to increase the risk of high-grade prostate cancer under 5ARIs. The combination of &#x3b1;-blocker and 5ARIs remains a well established concept for benign prostatic hyperplasia/LUTS patients with an enhanced risk of disease progression. Tadalafil 5&#x200a;mg/day monotherapy is a valid option particularly for men with LUTS and erectile dysfunction; the combination of Tadalafil 5&#x200a;mg/day with a 5ARI is an interesting approach. The fixed-dose combination of &#x3b1;-blocker and antimuscarinic provides advantages regarding storage symptom improvement. This approach is currently primarily recommended as an add-on strategy. Mirabegron opens new horizons in the management of male LUTS and has no negative (but also no positive) urodynamic effects. Several encouraging novel approaches are currently in the experimental phase and might enhance our therapeutic armamentarium in the near future. The recent literature refines our knowledge on current therapeutic options and provides further evidence for an individualized, risk-adapted approach for male LUTS mainly depending on symptoms status, comorbidities (i.e. erectile dysfunction) and risk of disease progression."
"You are what you eat: the impact of diet on overactive bladder and lower urinary tract symptoms.","Overactive bladder (OAB) is a clinical syndrome describing the symptom complex of urgency, with or without urgency incontinence and is usually associated with frequency and nocturia. The symptoms associated with OAB are common and whilst not life threatening are known to have a significant impact on the quality of life (QoL). There is increasing evidence that diet may have a significant role in the development of OAB symptoms. Whilst fluid in-take is known to affect lower urinary tract function the effects of caffeine, carbonated drinks and artificial sweeteners are less well understood. Consequently the aim of this paper is to review the evidence and investigate the effect of diet on lower urinary tract function and dysfunction.","2014 Sep","You are what you eat: the impact of diet on overactive bladder and lower urinary tract symptoms. Overactive bladder (OAB) is a clinical syndrome describing the symptom complex of urgency, with or without urgency incontinence and is usually associated with frequency and nocturia. The symptoms associated with OAB are common and whilst not life threatening are known to have a significant impact on the quality of life (QoL). There is increasing evidence that diet may have a significant role in the development of OAB symptoms. Whilst fluid in-take is known to affect lower urinary tract function the effects of caffeine, carbonated drinks and artificial sweeteners are less well understood. Consequently the aim of this paper is to review the evidence and investigate the effect of diet on lower urinary tract function and dysfunction."
"Systemic Immune-Inflammation Index and Neutrophil-To-Lymphocyte Ratio: U-Shaped Association With Overactive Bladder.","This study aims to examine the association of systemic immune-inflammation index (SII) and neutrophil-to-lymphocyte ratio (NLR) with the prevalence of overactive bladder (OAB). This cross-sectional study analyzed data from 22,343 participants (&#x2265;&#x2009;20&#x2009;years) in the National Health and Nutrition Examination Survey (2005-2018). We applied weighted multivariate logistic regression, restricted cubic spline (RCS) regression, subgroup, and sensitivity analyses to assess the associations between SII, NLR, and OAB. RCS analysis revealed U-shaped relationships with inflection points at 6.13 for ln(SII) and 0.65 for ln(NLR). In the fully adjusted model, ln(SII) &#x2264;&#x2009;6.13 showed a negative correlation with OAB (OR&#x2009;=&#x2009;0.83; 95% CI: 0.70-0.99), while ln(SII) >&#x2009;6.13 was positively correlated (OR&#x2009;=&#x2009;1.32; 95% CI: 1.10-1.58). Similarly, ln(NLR)&#x2009;>&#x2009;0.65 correlated positively with OAB (OR&#x2009;=&#x2009;1.40; 95% CI: 1.16-1.71). Subgroup analyses revealed significant differences in alcohol use subgroups for ln(SII)&#x2009;&#x2264;&#x2009;6.13 and ln(NLR)&#x2009;&#x2264;&#x2009;0.65 (P for interaction <&#x2009;0.05). SII and NLR may serve as biomarkers for assessing OAB risk.","2025 Sep","Systemic Immune-Inflammation Index and Neutrophil-To-Lymphocyte Ratio: U-Shaped Association With Overactive Bladder. This study aims to examine the association of systemic immune-inflammation index (SII) and neutrophil-to-lymphocyte ratio (NLR) with the prevalence of overactive bladder (OAB). This cross-sectional study analyzed data from 22,343 participants (&#x2265;&#x2009;20&#x2009;years) in the National Health and Nutrition Examination Survey (2005-2018). We applied weighted multivariate logistic regression, restricted cubic spline (RCS) regression, subgroup, and sensitivity analyses to assess the associations between SII, NLR, and OAB. RCS analysis revealed U-shaped relationships with inflection points at 6.13 for ln(SII) and 0.65 for ln(NLR). In the fully adjusted model, ln(SII) &#x2264;&#x2009;6.13 showed a negative correlation with OAB (OR&#x2009;=&#x2009;0.83; 95% CI: 0.70-0.99), while ln(SII) >&#x2009;6.13 was positively correlated (OR&#x2009;=&#x2009;1.32; 95% CI: 1.10-1.58). Similarly, ln(NLR)&#x2009;>&#x2009;0.65 correlated positively with OAB (OR&#x2009;=&#x2009;1.40; 95% CI: 1.16-1.71). Subgroup analyses revealed significant differences in alcohol use subgroups for ln(SII)&#x2009;&#x2264;&#x2009;6.13 and ln(NLR)&#x2009;&#x2264;&#x2009;0.65 (P for interaction <&#x2009;0.05). SII and NLR may serve as biomarkers for assessing OAB risk."
"Association between lower urinary tract symptoms and cigarette smoking or alcohol drinking.","Although there have been several studies about the relationship between alcohol or smoking and lower urinary tracts symptoms (LUTS). This study aimed to investigate the association between alcohol or smoking and severity of LUTS in men, as alcohol intake and cigarette smoking is important modifiable lifestyle factors for LUTS. A cross-sectional analysis has been performed and a total of 86,707 participants in Korean Community Health Survey were included for final analysis. The adjusted odds ratio (OR) or coefficient with 95% confidence interval (CI) estimates were described to show the association between alcohol consumption or cigarette smoking and LUTS. Among the total subjects, 77,398 (89.3%), 7,532 (8.7%), and 1,777 (2.0%) had mild, moderate, and severe symptoms, respectively, according to International Prostate Symptom Score (IPSS) grade. Those who drank alcohol at least once per month were significantly associated with decreased risk of having the worst IPSS grade (OR: 0.80, 95% CI: 0.68 to 0.93). Those who smoked in the past but currently quitted and those who were daily smokers showed significantly increased risk of having the worst IPSS grade (past smoker, OR: 1.26, 95% CI: 1.14 to 1.39; daily smoker, OR: 1.21, 95% CI: 1.10 to 1.34). For nocturia, daily smoking showed positive effect (OR: 0.79, 95% CI: 0.75 to 0.84) whereas heavy alcohol drinking showed negative effect (OR: 1.22, 95% CI: 1.14 to 1.32). Alcohol showed positive effect on LUTS except nocturia whereas cigarette smoking had negative effect on LUTS except nocturia. Daily smoking showed positive effect on nocturia whereas heavy alcohol drinking showed negative effect on nocturia.","2020 Apr","Association between lower urinary tract symptoms and cigarette smoking or alcohol drinking. Although there have been several studies about the relationship between alcohol or smoking and lower urinary tracts symptoms (LUTS). This study aimed to investigate the association between alcohol or smoking and severity of LUTS in men, as alcohol intake and cigarette smoking is important modifiable lifestyle factors for LUTS. A cross-sectional analysis has been performed and a total of 86,707 participants in Korean Community Health Survey were included for final analysis. The adjusted odds ratio (OR) or coefficient with 95% confidence interval (CI) estimates were described to show the association between alcohol consumption or cigarette smoking and LUTS. Among the total subjects, 77,398 (89.3%), 7,532 (8.7%), and 1,777 (2.0%) had mild, moderate, and severe symptoms, respectively, according to International Prostate Symptom Score (IPSS) grade. Those who drank alcohol at least once per month were significantly associated with decreased risk of having the worst IPSS grade (OR: 0.80, 95% CI: 0.68 to 0.93). Those who smoked in the past but currently quitted and those who were daily smokers showed significantly increased risk of having the worst IPSS grade (past smoker, OR: 1.26, 95% CI: 1.14 to 1.39; daily smoker, OR: 1.21, 95% CI: 1.10 to 1.34). For nocturia, daily smoking showed positive effect (OR: 0.79, 95% CI: 0.75 to 0.84) whereas heavy alcohol drinking showed negative effect (OR: 1.22, 95% CI: 1.14 to 1.32). Alcohol showed positive effect on LUTS except nocturia whereas cigarette smoking had negative effect on LUTS except nocturia. Daily smoking showed positive effect on nocturia whereas heavy alcohol drinking showed negative effect on nocturia."
"Fluids affecting bladder urgency and lower urinary symptoms: results from a randomized controlled trial.","Caffeinated, alcoholic, artificially sweetened, carbonated, and acidic beverages are pervasive and consumed in large quantities. Reputedly, these beverages are ""irritating to the bladder"" and result in heightened void frequency, but prior studies lack control for intake volume. We tested the null hypothesis that women recruited from the community who demonstrate overactive bladder symptoms will show no difference by groups in void frequency when one group is instructed to replace listed beverages by substituting non-irritants (emphasis on water or milk) and the other group is instructed in healthy eating. This was a parallel-group randomized controlled trial design with a three-period fixed sequence (baseline and 2 and 6&#xa0;weeks post-baseline). We recruited 105 community women with overactive bladder symptoms. >7 voids per day or 2 voids per night, daily intake of &#x2265;16&#xa0;oz. (473 ml) of beverages containing the ingredients listed above, and&#x2009;&#x2265;&#x2009;32&#xa0;oz. (946 ml) of total fluid intake. Stratified randomization was conducted. The primary outcome was average daily void frequency on a 3-day diary. Participants were 86% white, mean (SD) age was 46.6 (17.6) years, and baseline void frequency was 9.2 (2.9) voids per day. At 2 and 6&#xa0;weeks, estimated average (SD) difference in void frequency between group 1 and group 2 was -0.46 (0.57) and&#x2009;-0.31 (0.57) voids per day (p&#x2009;>&#x2009;0.05); the null hypothesis was not rejected. Women who reduce potentially irritating beverages while maintaining total fluid volume intake is not predictive of void frequency. Further research on type and volume of beverage intake is recommended.","2022 May","Fluids affecting bladder urgency and lower urinary symptoms: results from a randomized controlled trial. Caffeinated, alcoholic, artificially sweetened, carbonated, and acidic beverages are pervasive and consumed in large quantities. Reputedly, these beverages are ""irritating to the bladder"" and result in heightened void frequency, but prior studies lack control for intake volume. We tested the null hypothesis that women recruited from the community who demonstrate overactive bladder symptoms will show no difference by groups in void frequency when one group is instructed to replace listed beverages by substituting non-irritants (emphasis on water or milk) and the other group is instructed in healthy eating. This was a parallel-group randomized controlled trial design with a three-period fixed sequence (baseline and 2 and 6&#xa0;weeks post-baseline). We recruited 105 community women with overactive bladder symptoms. >7 voids per day or 2 voids per night, daily intake of &#x2265;16&#xa0;oz. (473 ml) of beverages containing the ingredients listed above, and&#x2009;&#x2265;&#x2009;32&#xa0;oz. (946 ml) of total fluid intake. Stratified randomization was conducted. The primary outcome was average daily void frequency on a 3-day diary. Participants were 86% white, mean (SD) age was 46.6 (17.6) years, and baseline void frequency was 9.2 (2.9) voids per day. At 2 and 6&#xa0;weeks, estimated average (SD) difference in void frequency between group 1 and group 2 was -0.46 (0.57) and&#x2009;-0.31 (0.57) voids per day (p&#x2009;>&#x2009;0.05); the null hypothesis was not rejected. Women who reduce potentially irritating beverages while maintaining total fluid volume intake is not predictive of void frequency. Further research on type and volume of beverage intake is recommended."
"Epidemiology and risk factors of lower urinary tract symptoms/benign prostatic hyperplasia and erectile dysfunction.","Benign prostatic hyperplasia (BPH) is very common in aging men and causes lower urinary tract symptoms (LUTS), which decrease health-related quality of life. A number of evidence suggests that other than ageing, modifiable factors, such as increasing prostate volume, obesity, diet, dyslipidemia, hormonal imbalance, hypertension, metabolic syndrome, alcohol, and smoking, also contribute to the development of BPH and/or LUTS. More recently, erectile dysfunction (ED) has been linked to LUTS/BPH as a part of this syndrome, suggesting that patients with BPH or LUTS easily develop ED, and that LUTS/BPH symptoms often coexist with ED. This article focuses on the epidemiology and risk factors of the combined phenotype LUTS/BPH - ED.","2019 Mar","Epidemiology and risk factors of lower urinary tract symptoms/benign prostatic hyperplasia and erectile dysfunction. Benign prostatic hyperplasia (BPH) is very common in aging men and causes lower urinary tract symptoms (LUTS), which decrease health-related quality of life. A number of evidence suggests that other than ageing, modifiable factors, such as increasing prostate volume, obesity, diet, dyslipidemia, hormonal imbalance, hypertension, metabolic syndrome, alcohol, and smoking, also contribute to the development of BPH and/or LUTS. More recently, erectile dysfunction (ED) has been linked to LUTS/BPH as a part of this syndrome, suggesting that patients with BPH or LUTS easily develop ED, and that LUTS/BPH symptoms often coexist with ED. This article focuses on the epidemiology and risk factors of the combined phenotype LUTS/BPH - ED."
"Nonantimuscarinic treatment for overactive bladder: a systematic review.","The purpose of the study was to determine the efficacy and safety of nonantimuscarinic treatments for overactive bladder. Medline, Cochrane, and other databases (inception to April 2, 2014) were used. We included any study design in which there were 2 arms and an n&#xa0;> 100, if at least 1 of the arms was a nonantimuscarinic therapy or any comparative trial, regardless of number, if at least 2 arms were nonantimuscarinic therapies for overactive bladder. Eleven reviewers double-screened citations and extracted eligible studies for study: population, intervention, outcome, effects on outcome categories, and quality. The body of evidence for categories of interventions were summarized and assessed for strength. Ninety-nine comparative studies met inclusion criteria. Interventions effective to improve subjective overactive bladder symptoms include exercise with heat and steam generating sheets (1 study), diaphragmatic (1 study), deep abdominal (1 study), and pelvic floor muscle training exercises (2 studies). Pelvic floor exercises are more effective in subjective and objective outcomes with biofeedback or verbal feedback. Weight loss with diet and exercise, caffeine reduction, 25-50% reduction in fluid intake, and pelvic floor muscle exercises with verbal instruction and or biofeedback were all efficacious. Botulinum toxin A improves urge incontinence episodes, urgency, frequency, quality of life, nocturia, and urodynamic testing parameters. Acupuncture improves quality of life and urodynamic testing parameters. Extracorporeal magnetic stimulation improves urodynamic parameters. Mirabegron improves daily incontinence episodes, nocturia, number of daily voids, and urine volume per void, whereas solabegron improves daily incontinence episodes. Short-term posterior tibial nerve stimulation is more efficacious than pelvic floor muscle training exercises and behavioral therapy for improving: urgency, urinary incontinence episodes, daily voids, volume per void, and overall quality of life. Sacral neuromodulation is more efficacious than antimuscarinic treatment for subjective improvement of overactive bladder and&#xa0;quality of life. Transvaginal electrical stimulation demonstrates subjective improvement in overactive bladder symptoms and urodynamic parameters. Multiple therapies, including physical therapy, behavioral therapy, botulinum toxin A, acupuncture, magnetic stimulation, mirabegron, posterior tibial nerve stimulation, sacral neuromodulation, and transvaginal electrical stimulation, are efficacious in the treatment of overactive bladder.","2016 Jul","Nonantimuscarinic treatment for overactive bladder: a systematic review. The purpose of the study was to determine the efficacy and safety of nonantimuscarinic treatments for overactive bladder. Medline, Cochrane, and other databases (inception to April 2, 2014) were used. We included any study design in which there were 2 arms and an n&#xa0;> 100, if at least 1 of the arms was a nonantimuscarinic therapy or any comparative trial, regardless of number, if at least 2 arms were nonantimuscarinic therapies for overactive bladder. Eleven reviewers double-screened citations and extracted eligible studies for study: population, intervention, outcome, effects on outcome categories, and quality. The body of evidence for categories of interventions were summarized and assessed for strength. Ninety-nine comparative studies met inclusion criteria. Interventions effective to improve subjective overactive bladder symptoms include exercise with heat and steam generating sheets (1 study), diaphragmatic (1 study), deep abdominal (1 study), and pelvic floor muscle training exercises (2 studies). Pelvic floor exercises are more effective in subjective and objective outcomes with biofeedback or verbal feedback. Weight loss with diet and exercise, caffeine reduction, 25-50% reduction in fluid intake, and pelvic floor muscle exercises with verbal instruction and or biofeedback were all efficacious. Botulinum toxin A improves urge incontinence episodes, urgency, frequency, quality of life, nocturia, and urodynamic testing parameters. Acupuncture improves quality of life and urodynamic testing parameters. Extracorporeal magnetic stimulation improves urodynamic parameters. Mirabegron improves daily incontinence episodes, nocturia, number of daily voids, and urine volume per void, whereas solabegron improves daily incontinence episodes. Short-term posterior tibial nerve stimulation is more efficacious than pelvic floor muscle training exercises and behavioral therapy for improving: urgency, urinary incontinence episodes, daily voids, volume per void, and overall quality of life. Sacral neuromodulation is more efficacious than antimuscarinic treatment for subjective improvement of overactive bladder and&#xa0;quality of life. Transvaginal electrical stimulation demonstrates subjective improvement in overactive bladder symptoms and urodynamic parameters. Multiple therapies, including physical therapy, behavioral therapy, botulinum toxin A, acupuncture, magnetic stimulation, mirabegron, posterior tibial nerve stimulation, sacral neuromodulation, and transvaginal electrical stimulation, are efficacious in the treatment of overactive bladder."
"Lifestyle factors, benign prostatic hyperplasia, and lower urinary tract symptoms.","Although age, genetics, and sex steroid hormones play prominent roles in the cause of benign prostatic hyperplasia (BPH) and lower urinary tract symptoms (LUTS), recent epidemiological studies suggest that modifiable lifestyle factors also contribute substantially to the pathogenesis of these conditions. Lifestyle and metabolic factors associated with significantly increased risks of benign prostatic hyperplasia and lower urinary tract symptoms include obesity, diabetes, and meat and fat consumption. Factors associated with decreased risks include physical activity, moderate alcohol intake, and vegetable consumption. Factors for which no clear risk patterns have emerged include lipids and smoking. Randomized clinical trials of lifestyle alterations - such as weight loss, exercise, and diet - for the prevention or treatment of benign prostatic hyperplasia and lower urinary tract symptoms have yet to be performed. Lifestyle factors present a novel opportunity for the prevention and treatment of benign prostatic hyperplasia and lower urinary tract symptoms. Although clinical trials of lifestyle modifications have not yet been undertaken, promotion of healthy lifestyle alternatives within the context of standard benign prostatic hyperplasia and lower urinary tract symptoms treatment algorithms is potentially beneficial.","2011 Jan","Lifestyle factors, benign prostatic hyperplasia, and lower urinary tract symptoms. Although age, genetics, and sex steroid hormones play prominent roles in the cause of benign prostatic hyperplasia (BPH) and lower urinary tract symptoms (LUTS), recent epidemiological studies suggest that modifiable lifestyle factors also contribute substantially to the pathogenesis of these conditions. Lifestyle and metabolic factors associated with significantly increased risks of benign prostatic hyperplasia and lower urinary tract symptoms include obesity, diabetes, and meat and fat consumption. Factors associated with decreased risks include physical activity, moderate alcohol intake, and vegetable consumption. Factors for which no clear risk patterns have emerged include lipids and smoking. Randomized clinical trials of lifestyle alterations - such as weight loss, exercise, and diet - for the prevention or treatment of benign prostatic hyperplasia and lower urinary tract symptoms have yet to be performed. Lifestyle factors present a novel opportunity for the prevention and treatment of benign prostatic hyperplasia and lower urinary tract symptoms. Although clinical trials of lifestyle modifications have not yet been undertaken, promotion of healthy lifestyle alternatives within the context of standard benign prostatic hyperplasia and lower urinary tract symptoms treatment algorithms is potentially beneficial."
"Nutrition and benign prostatic hyperplasia.","Nutrition seems to modify the pathogenesis of benign prostatic hyperplasia (BPH) effect symptomology in men suffering from lower urinary tract symptoms (LUTS). Although there are numerous pharmaceuticals and procedures for these conditions, nutrition may improve outcomes as a primary approach or in tandem with BPH medications or procedures. The purpose of this review is to highlight the benefits of nutrition and dietary supplements in men with BPH and LUTS. Dietary factors have an impact on metabolic disorders that lead to diabetes and obesity - both of which inversely effect BPH and LUTS. Dietary patterns associated with increased risks include starches and red meats, whereas moderate alcohol intake and polyunsaturated fat and vegetable consumption decrease risks. Dietary supplements of zinc, saw palmetto, and beta-sitosterol in relieving BPH symptoms have had mixed results. Randomized clinical trials of nutritional practices and other lifestyle alterations such as exercise for the prevention or treatment of BPH and LUTS have yet to be performed. Nutritional practices may provide for the prevention and treatment of BPH and LUTS while positively affecting other systemic parameters. Whereas there are a few clinical randomized trials for the prevention and treatment of BPH and LUTS, nutritional modifications may have a healthy lifestyle alternative with minimal to no adverse effects.","2013 Jan","Nutrition and benign prostatic hyperplasia. Nutrition seems to modify the pathogenesis of benign prostatic hyperplasia (BPH) effect symptomology in men suffering from lower urinary tract symptoms (LUTS). Although there are numerous pharmaceuticals and procedures for these conditions, nutrition may improve outcomes as a primary approach or in tandem with BPH medications or procedures. The purpose of this review is to highlight the benefits of nutrition and dietary supplements in men with BPH and LUTS. Dietary factors have an impact on metabolic disorders that lead to diabetes and obesity - both of which inversely effect BPH and LUTS. Dietary patterns associated with increased risks include starches and red meats, whereas moderate alcohol intake and polyunsaturated fat and vegetable consumption decrease risks. Dietary supplements of zinc, saw palmetto, and beta-sitosterol in relieving BPH symptoms have had mixed results. Randomized clinical trials of nutritional practices and other lifestyle alterations such as exercise for the prevention or treatment of BPH and LUTS have yet to be performed. Nutritional practices may provide for the prevention and treatment of BPH and LUTS while positively affecting other systemic parameters. Whereas there are a few clinical randomized trials for the prevention and treatment of BPH and LUTS, nutritional modifications may have a healthy lifestyle alternative with minimal to no adverse effects."
"Phosphodiesterase Inhibitors (PDE Inhibitors) and Male Reproduction.","The nonspecific PDE inhibitors, particularly the methylxanthines: caffeine, pentoxifylline (PTX), and theophylline, are known to stimulate sperm motility in vitro and have been used to treat sperm prior to insemination. The in vivo effects are less dramatic. A beneficial effect of caffeine, which is a constituent of some medications, remains controversial. Very high doses of caffeine do have negative effects on fertility endpoints in men and experimental species. The specific PDE5 inhibitors, particularly sildenafil and tadalafil, are prescribed for erectile dysfunction, as well as pulmonary hypertension, lower urinary tract symptoms, and premature ejaculation. PDE5 is expressed throughout the contractile tissues of the male reproductive tract, generally increasing contractility. Some PDE5 inhibitors tend to increase circulating testosterone levels somewhat. For short-term exposure consistent with use prior to intercourse, there appears to be minimal effects on semen quality. Several large, randomized controlled trials (RCTs) in healthy men have not found adverse effects of long-term use of these drugs on semen quality. RCTs in infertile men have demonstrated a modest increase in semen quality. Animal studies at human equivalent doses (HED) have produced similar results in young males, but a study in aging male rats found progressive decreases in epididymal sperm quality accompanied by consistent degeneration of the seminal tubules suggesting that studies in older men might be warranted. A concerning study in mice found lower fertilization rates in males treated with HED of sildenafil and mated the next day to untreated females than for control males. Fertility studies in humans are needed.","2017","Phosphodiesterase Inhibitors (PDE Inhibitors) and Male Reproduction. The nonspecific PDE inhibitors, particularly the methylxanthines: caffeine, pentoxifylline (PTX), and theophylline, are known to stimulate sperm motility in vitro and have been used to treat sperm prior to insemination. The in vivo effects are less dramatic. A beneficial effect of caffeine, which is a constituent of some medications, remains controversial. Very high doses of caffeine do have negative effects on fertility endpoints in men and experimental species. The specific PDE5 inhibitors, particularly sildenafil and tadalafil, are prescribed for erectile dysfunction, as well as pulmonary hypertension, lower urinary tract symptoms, and premature ejaculation. PDE5 is expressed throughout the contractile tissues of the male reproductive tract, generally increasing contractility. Some PDE5 inhibitors tend to increase circulating testosterone levels somewhat. For short-term exposure consistent with use prior to intercourse, there appears to be minimal effects on semen quality. Several large, randomized controlled trials (RCTs) in healthy men have not found adverse effects of long-term use of these drugs on semen quality. RCTs in infertile men have demonstrated a modest increase in semen quality. Animal studies at human equivalent doses (HED) have produced similar results in young males, but a study in aging male rats found progressive decreases in epididymal sperm quality accompanied by consistent degeneration of the seminal tubules suggesting that studies in older men might be warranted. A concerning study in mice found lower fertilization rates in males treated with HED of sildenafil and mated the next day to untreated females than for control males. Fertility studies in humans are needed."
"Relative Impact of Male Urinary Conditions on Overall Quality of Life.","To assess the impact of lower urinary tract symptoms (LUTS) related to benign prostatic hyperplasia (BPH) and other urinary conditions on quality of life (QoL), in comparison to other comorbidities, after adjusting for lifestyle and demographic factors. The BPH Registry and Patient Survey is a multicenter, longitudinal, observational database of management practices and patient outcomes in a population of 6924 patients with BPH in the USA, managed with watchful waiting or pharmacotherapy. QoL was assessed using the Medical Outcomes Study-Short Form 12 physical (SF12 PCS) and mental health (SF12 MCS) component scores. The following urinary conditions were evaluated: lower urinary tract symptoms (LUTS) assessed using the International Prostate Symptom Score (IPSS), physician diagnosed urinary incontinence (UI), overactive bladder (OAB) and urinary tract infection (UTI). Associations between QoL and urinary conditions and other co-morbidities adjusted for demographic/lifestyle factors were estimated in 3818 men with complete data using linear regression models. Approximately 21.1% of the population reported having at least one urinary condition; however, prevalence of specific urinary conditions was less than other co-morbidities. After adjusting for age, marital status, education, income, employment, alcohol use and smoking status, severe LUTS (IPSS&#x2009;&#x2265;&#x2009;20) and UI were associated with a 3.9- and 2.9-point decrease in the SF12 PCS, respectively. These associations were similar to those observed with arthritis and depression, and more significant than the PCS reductions associated with cardiovascular disease (CVD), cancer, and diabetes. Urinary conditions also led to greater reductions in the SF12 MCS compared to other comorbidities, with only depression showing a greater impact on MCS scores. These results highlight that the impact of urinary conditions, particularly LUTS and UI, on QoL is similar to, if not more substantial than, that of other major chronic diseases. These conditions affect not only the physical component of QoL but also significantly influence the mental domains.","2025 Aug","Relative Impact of Male Urinary Conditions on Overall Quality of Life. To assess the impact of lower urinary tract symptoms (LUTS) related to benign prostatic hyperplasia (BPH) and other urinary conditions on quality of life (QoL), in comparison to other comorbidities, after adjusting for lifestyle and demographic factors. The BPH Registry and Patient Survey is a multicenter, longitudinal, observational database of management practices and patient outcomes in a population of 6924 patients with BPH in the USA, managed with watchful waiting or pharmacotherapy. QoL was assessed using the Medical Outcomes Study-Short Form 12 physical (SF12 PCS) and mental health (SF12 MCS) component scores. The following urinary conditions were evaluated: lower urinary tract symptoms (LUTS) assessed using the International Prostate Symptom Score (IPSS), physician diagnosed urinary incontinence (UI), overactive bladder (OAB) and urinary tract infection (UTI). Associations between QoL and urinary conditions and other co-morbidities adjusted for demographic/lifestyle factors were estimated in 3818 men with complete data using linear regression models. Approximately 21.1% of the population reported having at least one urinary condition; however, prevalence of specific urinary conditions was less than other co-morbidities. After adjusting for age, marital status, education, income, employment, alcohol use and smoking status, severe LUTS (IPSS&#x2009;&#x2265;&#x2009;20) and UI were associated with a 3.9- and 2.9-point decrease in the SF12 PCS, respectively. These associations were similar to those observed with arthritis and depression, and more significant than the PCS reductions associated with cardiovascular disease (CVD), cancer, and diabetes. Urinary conditions also led to greater reductions in the SF12 MCS compared to other comorbidities, with only depression showing a greater impact on MCS scores. These results highlight that the impact of urinary conditions, particularly LUTS and UI, on QoL is similar to, if not more substantial than, that of other major chronic diseases. These conditions affect not only the physical component of QoL but also significantly influence the mental domains."
"Are we justified in suggesting change to caffeine, alcohol, and carbonated drink intake in lower urinary tract disease? Report from the ICI-RS 2015.","There is increasing evidence that diet may have a significant role in the development of lower urinary tract symptoms. While fluid intake is known to affect lower urinary tract function the effects of alcohol, caffeine, carbonated drinks, and artificial sweeteners are less well understood and evidence from epidemiological studies is mixed and sometimes contradictory. The aim of this paper is to appraise the available evidence on the effect of caffeine, alcohol, and carbonated drinks on lower urinary tract function and dysfunction in addition to suggesting proposals for further research. Literature review based on a systematic search strategy using the terms ""fluid intake,"" ""caffeine,"" ""alcohol,"" ""carbonated"" and ""urinary incontinence,"" ""detrusor overactivity,"" ""Overactive Bladder,"" ""OAB."" In addition to fluid intake, there is some evidence to support a role of caffeine, alcohol, and carbonated beverages in the pathogenesis of OAB and lower urinary tract dysfunction. Although some findings are contradictory, others clearly show an association between the ingestion of caffeine, carbonated drinks, and alcohol with symptom severity. CONCLUSIONS Given the available evidence lifestyle interventions and fluid modification may have an important role in the primary prevention of lower urinary tract symptoms. However, more research is needed to determine the precise role of caffeine, carbonated drinks, and alcohol in the pathogenesis and management of these symptoms. The purpose of this paper is to stimulate that research. Neurourol. Urodynam. 36:876-881, 2017. &#xa9; 2017 Wiley Periodicals, Inc.","2017 Apr","Are we justified in suggesting change to caffeine, alcohol, and carbonated drink intake in lower urinary tract disease? Report from the ICI-RS 2015. There is increasing evidence that diet may have a significant role in the development of lower urinary tract symptoms. While fluid intake is known to affect lower urinary tract function the effects of alcohol, caffeine, carbonated drinks, and artificial sweeteners are less well understood and evidence from epidemiological studies is mixed and sometimes contradictory. The aim of this paper is to appraise the available evidence on the effect of caffeine, alcohol, and carbonated drinks on lower urinary tract function and dysfunction in addition to suggesting proposals for further research. Literature review based on a systematic search strategy using the terms ""fluid intake,"" ""caffeine,"" ""alcohol,"" ""carbonated"" and ""urinary incontinence,"" ""detrusor overactivity,"" ""Overactive Bladder,"" ""OAB."" In addition to fluid intake, there is some evidence to support a role of caffeine, alcohol, and carbonated beverages in the pathogenesis of OAB and lower urinary tract dysfunction. Although some findings are contradictory, others clearly show an association between the ingestion of caffeine, carbonated drinks, and alcohol with symptom severity. CONCLUSIONS Given the available evidence lifestyle interventions and fluid modification may have an important role in the primary prevention of lower urinary tract symptoms. However, more research is needed to determine the precise role of caffeine, carbonated drinks, and alcohol in the pathogenesis and management of these symptoms. The purpose of this paper is to stimulate that research. Neurourol. Urodynam. 36:876-881, 2017. &#xa9; 2017 Wiley Periodicals, Inc."
"Overactive bladder syndrome in nulliparous female university students: prevalence and risk factors including waterpipe smoking.","The objective was to assess the prevalence of symptoms of overactive bladder syndrome (OAB) among healthy nulliparous female university students, and to evaluate the correlation of these symptoms with a variety of factors, including waterpipe (WP) smoking. This is a cross-sectional study. A questionnaire was administered to evaluate symptoms of OAB in healthy nulliparous female university students. Variables assessed included body mass index (BMI), cigarette smoking, WP smoking, consumption of alcohol, coffee, and tea with and without artificial sweeteners, soft drinks, and energy drinks. Adjusted odds ratio were calculated to determine the correlation of these variables with OAB symptoms. A total of 767 out of 2,900 females responded to the questionnaire. Bothersome frequency was reported in 32.3%, and nocturia in 47.5% of the women. Urgency and urgency urinary incontinence (UUI) were present in 25.5 and 24.7% of the study participants respectively. Urgency was associated with WP smoking (p value 0.048). Bothersome frequency was associated with artificial sweeteners used with coffee and tea (p value 0.013). UUI was associated with cigarette smoking (p value 0.034) and elevated BMI (p value&#x2009;<&#x2009;0.001). OAB symptoms were not found to be significantly associated with soft drink and energy drink consumption. A lower prevalence of nocturia (p value 0.009) and urgency was associated with alcohol consumption (p value 0.017). More than two-thirds (69.2%) of WP smokers expressed readiness to decrease WP smoking if this would improve their lower urinary tract symptoms (LUTS). Overactive bladder is common in healthy young nulliparous women and is associated with multiple risk factors, including WP smoking.","2022 May","Overactive bladder syndrome in nulliparous female university students: prevalence and risk factors including waterpipe smoking. The objective was to assess the prevalence of symptoms of overactive bladder syndrome (OAB) among healthy nulliparous female university students, and to evaluate the correlation of these symptoms with a variety of factors, including waterpipe (WP) smoking. This is a cross-sectional study. A questionnaire was administered to evaluate symptoms of OAB in healthy nulliparous female university students. Variables assessed included body mass index (BMI), cigarette smoking, WP smoking, consumption of alcohol, coffee, and tea with and without artificial sweeteners, soft drinks, and energy drinks. Adjusted odds ratio were calculated to determine the correlation of these variables with OAB symptoms. A total of 767 out of 2,900 females responded to the questionnaire. Bothersome frequency was reported in 32.3%, and nocturia in 47.5% of the women. Urgency and urgency urinary incontinence (UUI) were present in 25.5 and 24.7% of the study participants respectively. Urgency was associated with WP smoking (p value 0.048). Bothersome frequency was associated with artificial sweeteners used with coffee and tea (p value 0.013). UUI was associated with cigarette smoking (p value 0.034) and elevated BMI (p value&#x2009;<&#x2009;0.001). OAB symptoms were not found to be significantly associated with soft drink and energy drink consumption. A lower prevalence of nocturia (p value 0.009) and urgency was associated with alcohol consumption (p value 0.017). More than two-thirds (69.2%) of WP smokers expressed readiness to decrease WP smoking if this would improve their lower urinary tract symptoms (LUTS). Overactive bladder is common in healthy young nulliparous women and is associated with multiple risk factors, including WP smoking."
"[Food, diet and dietetic in treatment of urinary tract dysfunctions. A review].","Overactive bladder symptoms (OAB) are frequent and can impact quality of life for these patients. Numerous and various treatments could be proposed in order to improve well-being and quality of life, but all these treatments have side effects and determine for many patients, important care constraints. We present here a review of food and diet in OAB. Literature review from PubMed Medline database and Google scholar to August 2016, without time restriction. Two hundred and ninety-six articles were screened, in English and in French, and finally, 10 were retained. HAS recommandation have been used for level of evidence. On the 10 studies included, only two randomised controled trial were included. The first one showed decreases on urgency (by a half) (P=0.02) and on frequency (by a third) (P=0.035), secondary to reduction of caffeine consumption by a half after education [LE2]. The second randomized trial showed significant decreases on the first need to void in urodynamic study after caffeine consumption (170mL vs. 210mL) [LE2]. Feed like bread, chicken or nutrient like vitamin C or D were assessed in cohort or observational studies and appear as protective factors of OAB onset. Instead carbonated drinks may have a negative impact on symptoms, increasing urinary incontinence (OR 1.41 [95&#xa0;% CI: 1.02-1.95]) [LE2], and there are contradictory results for alcohol consumption. Diet seems to have an impact on overactive bladder syndrome and particularly caffeine consumption, which increases storage symptoms.","2017 Jun","[Food, diet and dietetic in treatment of urinary tract dysfunctions. A review]. Overactive bladder symptoms (OAB) are frequent and can impact quality of life for these patients. Numerous and various treatments could be proposed in order to improve well-being and quality of life, but all these treatments have side effects and determine for many patients, important care constraints. We present here a review of food and diet in OAB. Literature review from PubMed Medline database and Google scholar to August 2016, without time restriction. Two hundred and ninety-six articles were screened, in English and in French, and finally, 10 were retained. HAS recommandation have been used for level of evidence. On the 10 studies included, only two randomised controled trial were included. The first one showed decreases on urgency (by a half) (P=0.02) and on frequency (by a third) (P=0.035), secondary to reduction of caffeine consumption by a half after education [LE2]. The second randomized trial showed significant decreases on the first need to void in urodynamic study after caffeine consumption (170mL vs. 210mL) [LE2]. Feed like bread, chicken or nutrient like vitamin C or D were assessed in cohort or observational studies and appear as protective factors of OAB onset. Instead carbonated drinks may have a negative impact on symptoms, increasing urinary incontinence (OR 1.41 [95&#xa0;% CI: 1.02-1.95]) [LE2], and there are contradictory results for alcohol consumption. Diet seems to have an impact on overactive bladder syndrome and particularly caffeine consumption, which increases storage symptoms."
